ID,id,name,organization_id,service_id,title,department,email,phone_number,phone_areacode,phone_extension,flag
3,645838145603264,"Lindsay Curtin",,1012930231616826,"Outreach Director",,lindsay.curtin@miriamskitchen.org,0,,,2020-07-01T14:00:09.000000Z,2020-07-04T03:20:14.000000Z
4,612213908439005,"AJ King",,1140318024724985,"Sexual Wellness Youth Developer",,aj@layc-dc.org,"1346383381421889,1346383381421890,",modified,,2020-07-01T14:00:09.000000Z,2020-07-04T03:20:14.000000Z
5,659954535630939,"Phyllis Holton",,573931060003252,,,pholton@dcqualitytrust.org,1294732165044482,,,2020-07-01T14:00:09.000000Z,2020-07-04T03:20:14.000000Z
6,659108624341793,"Cristina Schoendorf",919690199169575,946406110593174,"Center Director",,cristina.schoendorf@ucmagency.org.,1107310655120205,,,2020-07-01T14:00:09.000000Z,2020-07-01T14:00:09.000000Z
7,645633521716641,"Julie Martinez",682552065545256,633702102837581,,,jrmartinez@nvfs.org,964860483808020,,,2020-07-01T14:00:09.000000Z,2020-07-01T14:00:09.000000Z
8,636692867080417,"Alicia Horton",801110030219864,1267195102722768,,Employment,alicia@thrivedc.org,1299532893666576,,,2020-07-01T14:00:09.000000Z,2020-07-01T14:00:09.000000Z
9,697976339958489,"Tyvon Hewitt",1341330878033411,637918031832415,"Outreach Worker / Case Manager",,tyvon@layc-dc.org,1080778313579001,,,2020-07-01T14:00:09.000000Z,2020-07-04T03:27:22.000000Z
10,769228683615655,"Margaret Pegram",,1208786629108154,,,,821652578679829,,,2020-07-01T14:00:10.000000Z,2020-07-04T03:20:14.000000Z
11,789879098577824,"Rebecca Cusic",,617081192222015,,,rcusic@wearecasa.org,958973665695309,,,2020-07-01T14:00:10.000000Z,2020-07-04T03:20:14.000000Z
12,756653322156829,"Jacque Waller",906742630902911,1229115016596631,"Valenti House Supervisor",,,1104551016510441,,,2020-07-01T14:00:10.000000Z,2020-07-01T14:00:10.000000Z
13,773180771408189," De Angelo Rorie",761153930697275,1.3006600458536E+33,"UPO Youth Services Division Director","Youth Services",,757819596231988,,,2020-07-01T14:00:10.000000Z,2020-07-01T14:00:10.000000Z
14,790340031601441,"Liz Reinert",804045327953048,614149741156528,"Director of Culinary Job Training",," lreinert@dccentralkitchen.org",0,,,2020-07-01T14:00:10.000000Z,2020-07-01T14:00:10.000000Z
15,798494739947118,"Jacinta Nino",0,1216690927743518,,,jnino@wearecasa.org,611448477360093,,,2020-07-01T14:00:10.000000Z,2020-07-01T14:00:10.000000Z
16,804736877719123,"Christopher Tobias",0,825628435745785,,,ctobias@perryschool.org,0,,,2020-07-01T14:00:10.000000Z,2020-07-01T14:00:10.000000Z
17,825996014744789,"George Garcia",1323195974089796,1140318024724985,"Health Promotion Program Manager",,george@layc-dc.org,801845574930546,,,2020-07-01T14:00:10.000000Z,2020-07-01T14:00:10.000000Z
18,874540655387308,"Luline Almonacy",761153930697275,924655410570415,,,,620350277070213,,,2020-07-01T14:00:11.000000Z,2020-07-01T14:00:11.000000Z
19,872592641656382,"Jack Read",801110030219864,0,"Volunteer Coordinator",,jack@thrivedc.org,885184809366687,,,2020-07-01T14:00:11.000000Z,2020-07-01T14:00:11.000000Z
20,895025992119061,,0,0,,,,0,,,2020-07-01T14:00:11.000000Z,2020-07-01T14:00:11.000000Z
21,888608942220002,"Claudia Blanco",1323195974089796,1234003496832541,"Program Coordinator",,claudiac@layc-dc.org,1072627992557883,,,2020-07-01T14:00:11.000000Z,2020-07-01T14:00:11.000000Z
22,896549876881336,"De Angelo Rorie",0,0,,,,0,,,2020-07-01T14:00:11.000000Z,2020-07-01T14:00:11.000000Z
23,866390871990408,"Jimi Lethbridge",744812603775568,8.6525369503529E+32,,,jlethbridge@dcqualitytrust.org.org,759133304767858,,,2020-07-01T14:00:11.000000Z,2020-07-01T14:00:11.000000Z
24,946647963504599,"Janeth Chorlango",1323195974089796,850061472824026,"Program Manager",,janeth@layc-dc.org,1193950530495506,,,2020-07-01T14:00:11.000000Z,2020-07-01T14:00:11.000000Z
25,931603038502827,"Scott Perry",0,1108884623053766,"Program Manager",,sperry@ebfsc.org,1194161595371590,,,2020-07-01T14:00:11.000000Z,2020-07-01T14:00:11.000000Z
26,932493235875618,"Crystal Nicholas",804045327953048,612309985819526,"Partnership Program Manager",,cnicholas@dccentralkitchen.org,0,,,2020-07-01T14:00:11.000000Z,2020-07-01T14:00:11.000000Z
27,955478188348338,"Cindy Abello",1323195974089796,1197691835069647,"Family Resource Specialist",,fosterdc@layc-dc.org,745110519319130,,,2020-07-01T14:00:11.000000Z,2020-07-01T14:00:11.000000Z
28,998959625812107,"Navara Cannon",682552065545256,1.2734316361455E+51,,,ncannon@nvfs.org,736909404940832,,,2020-07-01T14:00:11.000000Z,2020-07-01T14:00:11.000000Z
29,942787076035093,"Elaine Harrington",1323195974089796,8.7255675174675E+32,"Program Manager",,eharrington@layc-dc.org,1165471269627538,,,2020-07-01T14:00:11.000000Z,2020-07-01T14:00:11.000000Z
30,981929906512252,"Kenny Carroll",0,1253744104425599,,,,851233609504150,,,2020-07-01T14:00:11.000000Z,2020-07-01T14:00:11.000000Z
31,991150474887656,"Krystin Chiellini",1323195974089796,1234003496832541,"Outreach and Engagement",,krystin@layc-dc.org,1226355078973829,,,2020-07-01T14:00:11.000000Z,2020-07-01T14:00:11.000000Z
32,998802888046811,"Kimberly Gray",801110030219864,988930242117816,,,kimberly@thrivedc.org,616629263137129,,,2020-07-01T14:00:12.000000Z,2020-07-01T14:00:12.000000Z
33,1043054479944359,"Ron L. Stanley",726173106231202,1291599466171764,Reverand,,Rstanley@missiondc.org,0,,,2020-07-01T14:00:12.000000Z,2020-07-01T14:00:12.000000Z
34,1053546370861365,"Downtown DC BID Dispatch",976379482380679,881012847859169,,,dispatch@downtowndc.org,1166362596698965,,,2020-07-01T14:00:12.000000Z,2020-07-01T14:00:12.000000Z
35,1071434095608880,"Veronica Kamara",1326157862705937,985012947614539,"SR Program",,vkamara@mbihs.com,1.2153728619893E+33,,,2020-07-01T14:00:12.000000Z,2020-07-01T14:00:12.000000Z
36,1068411641337800,"Gregg Wragg",872299181857178,1185051455558186,,,gwragg@oicdc.org,598681010126194,,,2020-07-01T14:00:12.000000Z,2020-07-01T14:00:12.000000Z
37,1095190489836587,"Julio Murillo",1140996665222837,627323919512057,,,jmurillo@wearecasa.org,0,,,2020-07-01T14:00:12.000000Z,2020-07-01T14:00:12.000000Z
38,1115797516280285,"Francis Monroe",761153930697275,1296433586474206,,,,1152713868211992,,,2020-07-01T14:00:12.000000Z,2020-07-01T14:00:12.000000Z
39,1166926453122116,"Gabriel Fabre",801110030219864,1207414557990697,,,gabriel@thrivedc.org,1096494296237143,,,2020-07-01T14:00:12.000000Z,2020-07-01T14:00:12.000000Z
40,1215015803426176,"Nieshia Kornega",906742630902911,626861523724993,"SIL Residential Lead",,,966435484864334,,,2020-07-01T14:00:12.000000Z,2020-07-01T14:00:12.000000Z
41,1189733668647287,"Darvin L. Estrada",577764298046742,656905764489449,,"Latino and Immigration Services",destrada@casaruby.org,0,,,2020-07-01T14:00:12.000000Z,2020-07-01T14:00:12.000000Z
42,1170089516639143,"Alkita Alhanssary",906742630902911,590149106022184,"Holly House Supervisor",,aalhanssary@woodleyhouse.org,906348724543792,,,2020-07-01T14:00:12.000000Z,2020-07-01T14:00:12.000000Z
43,1214337031845729,"Julia Kann",1323195974089796,1158010282443707,"Program Manager",,julia@layc-dc.org,1248093235818331,,,2020-07-01T14:00:12.000000Z,2020-07-01T14:00:12.000000Z
44,1245676378058200,"Golden Triangle BID Dispatch",976379482380679,881012847859169,,,BBB1650Dispatch@blockbyblock.com,646829373351724,,,2020-07-01T14:00:12.000000Z,2020-07-01T14:00:12.000000Z
45,1268182811010585,"Katrina Coates, MSW, LICSW",0,895467915545937,"Clinical Director",,kcoates@ebfsc.org,0,,,2020-07-01T14:00:12.000000Z,2020-07-01T14:00:12.000000Z
46,1204985979154628,"Tanya Thomas",801110030219864,1229484402696374,"Women’s Program Coordinator & Case Manager","Social Services",tanya@thrivedc.org,833465858171168,,,2020-07-01T14:00:12.000000Z,2020-07-01T14:00:12.000000Z
47,1278696466858509,"Avery Gollinge",1323195974089796,636733000958441,"DC Prevention Center Wards 1 & 2 Director",,avery@layc-dc.org,1256499247956610,,,2020-07-01T14:00:12.000000Z,2020-07-01T14:00:12.000000Z
48,1242020855566510,"Cheryl Christmas",761153930697275,602650991439185,"Foster Grandparent Program Director",,,645117414301336,,,2020-07-01T14:00:12.000000Z,2020-07-01T14:00:12.000000Z
49,1258802836458213,"Yanet Hernandez",761153930697275,1133165843084453,,,yhernandez@upo.org,849573890085736,,,2020-07-01T14:00:12.000000Z,2020-07-01T14:00:12.000000Z
50,1250903097874303,"Carmen Herrera",0,1.2132305855419E+51,,,cherrera@upo.org,615824389715095,,,2020-07-01T14:00:12.000000Z,2020-07-01T14:00:12.000000Z
51,1280208916486415,"Tina Campanella",0,1.2106971171526E+33,,,tcampanella@dcqualitytrust.org,650675878696913,,,2020-07-01T14:00:12.000000Z,2020-07-01T14:00:12.000000Z
52,1297081719996609,"Morgan Whitlatch",744812603775568,998912206496705,,,mwhitlatch@dcqualitytrust.org,642184035469805,,,2020-07-01T14:00:12.000000Z,2020-07-01T14:00:12.000000Z
53,1265379019552939,"Daniel Meloy",801110030219864,0,"Financial Donations",,daniel@thrivedc.org,785784204283979,,,2020-07-01T14:00:13.000000Z,2020-07-01T14:00:13.000000Z
54,1296571710419253,"Billie Pinson",1326157862705937,585407675930864,"SIL Program Liaison","Housing Programs",wpinson@mbihs.com,1179726198865150,,,2020-07-01T14:00:13.000000Z,2020-07-01T14:00:13.000000Z
55,1267681237969372,"Toshira Monroe",0,963237379779513,,,,614553051482053,,,2020-07-01T14:00:13.000000Z,2020-07-01T14:00:13.000000Z
56,1325427508018418,"Shirley Reed",1004391421304549,990258942674234,Coordinator,"Learning Center",Shirley@acsgw.org,937322777502476,,,2020-07-01T14:00:13.000000Z,2020-07-01T14:00:13.000000Z
57,1289350366232372,"Kisha Allure",577764298046742,1.3327417060531E+33,,"Support Services for Crime Victims",kwilkinson@casaruby.org,0,,,2020-07-01T14:00:13.000000Z,2020-07-01T14:00:13.000000Z
59,1325427508018419,"amit from organization",789345230945555,"999007044535768,811998666629450",no,sfsdf,example@example.com,"1346383381421888,",,,2020-07-04T13:28:32.000000Z,2020-07-04T13:28:32.000000Z
60,1325427508018420,,789345230945555,,,,,"574431216393769,",,,2020-07-04T13:51:53.000000Z,2020-07-04T13:51:53.000000Z
61,1325427508018421,"contact from facility",789345230945555,"811998666629450,748118421956392,862025517520940","contact from facility","contact from facility",amit.d9ithub@gmail.com,"1346383381421896,",,,2020-07-04T13:53:36.000000Z,2020-07-04T13:53:36.000000Z
62,1325427508018422,"contact from facility",789345230945555,"811998666629450,748118421956392,862025517520940","contact from facility","contact from facility",amit.d9ithub@gmail.com,"1346383381421896,",,,2020-07-04T13:54:17.000000Z,2020-07-04T13:54:17.000000Z
63,1325427508018423,"contact from service",572890347249315,,"contact from service","contact from service",example@example.com,"1346383381421888,",,,2020-07-07T12:59:14.000000Z,2020-07-07T12:59:14.000000Z
64,1325427508018424,"new contact with organization id",610643317850454,,"new contact with organization id","new contact with organization id",amit.d9ithub@gmail.com,"1346383381421896,",,,2020-07-08T13:49:24.000000Z,2020-07-08T13:49:24.000000Z
65,1325427508018425,amit,572890347249315,"748118421956392,902085800158226",no,"contact from service",d9ithub@gmail.com,"1346383381421896,",,,2020-07-20T16:50:34.000000Z,2020-07-20T16:50:34.000000Z
