id,organization_id,service_id,service_at_location_id,name,title,department,email
1,1341330878033410,1.2294844026964E+33,1.2294844026964E+33,"Jessica Chavez","Program Coordinator & Case Manager","Social Services",jessicac@thrivedc.org
2,1341330878033409,7.7137828218095E+68,7.7137828218095E+68,"Natausha Jones",,"Housing Services",njones@casaruby.org
3,,1012930231616826,1012930231616826,"Lindsay Curtin","Outreach Director",,lindsay.curtin@miriamskitchen.org
4,,1140318024724985,1140318024724985,"AJ King","Sexual Wellness Youth Developer",,aj@layc-dc.org
5,744812603775568,573931060003252,573931060003252,"Phyllis Holton",,,pholton@dcqualitytrust.org
6,919690199169575,946406110593174,946406110593174,"Cristina Schoendorf","Center Director",,cristina.schoendorf@ucmagency.org.
7,682552065545256,633702102837581,633702102837581,"Julie Martinez",,,jrmartinez@nvfs.org
8,801110030219864,1267195102722768,1267195102722768,"Alicia Horton",,Employment,alicia@thrivedc.org
9,1323195974089796,637918031832415,637918031832415,"Tyvon Hewitt","Outreach Worker / Case Manager",,tyvon@layc-dc.org
10,0,1208786629108154,1208786629108154,"Margaret Pegram",,,
11,1140996665222837,617081192222015,617081192222015,"Rebecca Cusic",,,rcusic@wearecasa.org
12,906742630902911,1229115016596631,1229115016596631,"Jacque Waller","Valenti House Supervisor",,
13,761153930697275,1.3006600458536E+33,1.3006600458536E+33," De Angelo Rorie","UPO Youth Services Division Director","Youth Services",
14,804045327953048,614149741156528,614149741156528,"Liz Reinert","Director of Culinary Job Training",,lreinert@dccentralkitchen.org
15,0,1216690927743518,1216690927743518,"Jacinta Nino",,,jnino@wearecasa.org
16,,825628435745785,825628435745785,"Christopher Tobias",,,ctobias@perryschool.org
17,1323195974089796,1140318024724985,1140318024724985,"George Garcia","Health Promotion Program Manager",,george@layc-dc.org
18,761153930697275,924655410570415,924655410570415,"Luline Almonacy",,,
19,801110030219864,0,0,"Jack Read","Volunteer Coordinator",,jack@thrivedc.org
20,0,0,0,,,,
21,1323195974089796,1234003496832541,1234003496832541,"Claudia Blanco","Program Coordinator",,claudiac@layc-dc.org
22,0,0,0,"De Angelo Rorie",,,
23,744812603775568,8.6525369503529E+32,8.6525369503529E+32,"Jimi Lethbridge",,,jlethbridge@dcqualitytrust.org.org
24,1323195974089796,850061472824026,850061472824026,"Janeth Chorlango","Program Manager",,janeth@layc-dc.org
25,0,1108884623053766,1108884623053766,"Scott Perry","Program Manager",,sperry@ebfsc.org
26,804045327953048,612309985819526,612309985819526,"Crystal Nicholas","Partnership Program Manager",,cnicholas@dccentralkitchen.org
27,1323195974089796,1197691835069647,1197691835069647,"Cindy Abello","Family Resource Specialist",,fosterdc@layc-dc.org
28,682552065545256,1.2734316361455E+51,1.2734316361455E+51,"Navara Cannon",,,ncannon@nvfs.org
29,1323195974089796,8.7255675174675E+32,8.7255675174675E+32,"Elaine Harrington","Program Manager",,eharrington@layc-dc.org
30,0,1253744104425599,1253744104425599,"Kenny Carroll",,,
31,1323195974089796,1234003496832541,1234003496832541,"Krystin Chiellini","Outreach and Engagement",,krystin@layc-dc.org
32,801110030219864,988930242117816,988930242117816,"Kimberly Gray",,,kimberly@thrivedc.org
33,726173106231202,1291599466171764,1291599466171764,"Ron L. Stanley",Reverand,,Rstanley@missiondc.org
34,976379482380679,881012847859169,881012847859169,"Downtown DC BID Dispatch",,,dispatch@downtowndc.org
35,1326157862705937,985012947614539,985012947614539,"Veronica Kamara","SR Program",,vkamara@mbihs.com
36,872299181857178,1185051455558186,1185051455558186,"Gregg Wragg",,,gwragg@oicdc.org
37,1140996665222837,627323919512057,627323919512057,"Julio Murillo",,,jmurillo@wearecasa.org
38,761153930697275,1296433586474206,1296433586474206,"Francis Monroe",,,
39,801110030219864,1207414557990697,1207414557990697,"Gabriel Fabre",,,gabriel@thrivedc.org
40,906742630902911,626861523724993,626861523724993,"Nieshia Kornega","SIL Residential Lead",,
41,577764298046742,656905764489449,656905764489449,"Darvin L. Estrada",,"Latino and Immigration Services",destrada@casaruby.org
42,906742630902911,590149106022184,590149106022184,"Alkita Alhanssary","Holly House Supervisor",,aalhanssary@woodleyhouse.org
43,1323195974089796,1158010282443707,1158010282443707,"Julia Kann","Program Manager",,julia@layc-dc.org
44,976379482380679,881012847859169,881012847859169,"Golden Triangle BID Dispatch",,,BBB1650Dispatch@blockbyblock.com
45,0,895467915545937,895467915545937,"Katrina Coates, MSW, LICSW","Clinical Director",,kcoates@ebfsc.org
46,801110030219864,1229484402696374,1229484402696374,"Tanya Thomas","Women’s Program Coordinator & Case Manager","Social Services",tanya@thrivedc.org
47,1323195974089796,636733000958441,636733000958441,"Avery Gollinge","DC Prevention Center Wards 1 & 2 Director",,avery@layc-dc.org
48,761153930697275,602650991439185,602650991439185,"Cheryl Christmas","Foster Grandparent Program Director",,
49,761153930697275,1133165843084453,1133165843084453,"Yanet Hernandez",,,yhernandez@upo.org
50,0,1.2132305855419E+51,1.2132305855419E+51,"Carmen Herrera",,,cherrera@upo.org
51,0,1.2106971171526E+33,1.2106971171526E+33,"Tina Campanella",,,tcampanella@dcqualitytrust.org
52,744812603775568,998912206496705,998912206496705,"Morgan Whitlatch",,,mwhitlatch@dcqualitytrust.org
53,801110030219864,0,0,"Daniel Meloy","Financial Donations",,daniel@thrivedc.org
54,1326157862705937,585407675930864,585407675930864,"Billie Pinson","SIL Program Liaison","Housing Programs",wpinson@mbihs.com
55,0,963237379779513,963237379779513,"Toshira Monroe",,,
56,1004391421304549,990258942674234,990258942674234,"Shirley Reed",Coordinator,"Learning Center",Shirley@acsgw.org
57,577764298046742,1.3327417060531E+33,1.3327417060531E+33,"Kisha Allure",,"Support Services for Crime Victims",kwilkinson@casaruby.org
58,1323195974089796,6.8582196298024E+50,6.8582196298024E+50,"Monica Morales","Program Coordinator",,bhreferrals@layc-dc.org
59,692112692154000,1080520592440176,1080520592440176,"AJ King",sdsdsdsdsds,dssdsdsdsd,sdssdsds@sdsds.dsds
60,597291118069880,,,"Patel's contact",,,
65,1286410465547920,,,,,,
67,572890347249315,1056385088511360,1056385088511360,"QA Contact_11",Title12,"Department 123",email123@gmail.com
68,548126332764833,1281204672852064,1281204672852064,"Contact for services_1","Contact Title:","Contact Department:",Contact@gmail.com
69,572890347249315,,,"contact from service","contact from service","contact from service",amit.d9ithub@gmail.com
70,572890347249315,,,Ser_Contact,"Job Title:","Contact Department:",d9ithub@gmail.com
71,,,,"Test Contact",,,
72,1191959686811989,,,"Just Another Contact",,,
73,593530875968066,,,"Great Contact",,,
74,562836772362344,,,"Cibtact sakld",,,
75,1146223650874517,543629082697964,543629082697964,"Org direct",,,
76,866237660806724,,,"Test Contact 192",,,
